{
  "medians": {
    "Temperatura": 24.775593217590583,
    "Umidade": 55.3806965542409,
    "CO2": 1168.9364319472165,
    "CO": 25.00151196830585,
    "Pressao_Atm": 999.2774904141827,
    "NO2": 53.07858693612462,
    "SO2": 25.706262833189996,
    "O3": 64.91545814509121
  }
}